{
  "hyperparams": {
    "n_embd": 32,
    "n_layer": 2,
    "n_head": 4,
    "block_size": 16,
    "num_steps": 100,
    "learning_rate": 0.01
  },
  "num_params": 26816,
  "vocab_size": 27,
  "num_docs": 32033,
  "loss_history": [
    3.314094360798049,
    3.3439538594009677,
    3.175299905970481,
    3.205242420837968,
    3.333763532209719,
    2.9365072888154247,
    3.171970887435362,
    3.366700969764346,
    2.8945372677035723,
    3.114154631301855,
    2.9306557894250735,
    3.044360591190498,
    3.2613291751652413,
    3.0683635107262046,
    2.8218997733051534,
    2.8375254077135508,
    2.978618946573175,
    2.817289942678945,
    2.647900396406716,
    2.5053060342228295,
    3.80236668067952,
    2.588073511939598,
    2.6961658629832117,
    2.0459079742244035,
    3.345317807346776,
    2.5918487887218746,
    3.470876239230169,
    3.2882879321101584,
    2.197171594342707,
    2.422834575130936,
    2.9274033305551126,
    2.9861187313858952,
    2.61907220940837,
    2.3113994178341217,
    3.18710574355466,
    3.116496103352272,
    2.7229298429373223,
    2.8739968459972447,
    2.4049962496707713,
    2.8831757267161637,
    2.7272853617525015,
    2.490660373982656,
    2.925244470295646,
    2.5363420399814296,
    2.035453893514194,
    2.9827644789487153,
    2.7285582173919978,
    2.8929397086884294,
    2.430893809404503,
    2.4948974146789813,
    3.5271014207207774,
    2.769197601565602,
    3.0522442337272775,
    2.169063133483467,
    2.70245324452785,
    2.2481154480177925,
    2.4865408370843514,
    2.5988508854762293,
    2.7556750495399607,
    2.830034948572715,
    2.6082789310123826,
    2.604863316137988,
    2.6973034127327367,
    3.2830110807336017,
    2.807224147963481,
    2.7280885345591295,
    2.7676455639878066,
    2.7183913790054444,
    2.57219575230119,
    2.8159038221307977,
    3.210699335788972,
    2.815730697698508,
    2.3793839578693694,
    2.2766848529634935,
    2.1459310043610396,
    2.839808548646267,
    2.935488554164389,
    2.735245462975421,
    2.390685291200411,
    2.270177138966214,
    2.4341883947452274,
    3.035695740933062,
    2.6265908500170463,
    2.1411120294470414,
    2.241645250317108,
    2.312988411288566,
    2.891804305676003,
    2.8796481405410472,
    2.7292448031373735,
    2.2716624619966086,
    2.4160786975391004,
    3.5079578865326804,
    2.3686790318244966,
    3.087674470914439,
    2.635867655637855,
    2.3278452424931313,
    1.9355034558569837,
    3.0820730156067726,
    2.1434954918173026,
    2.8337813119155792
  ],
  "loss_final": 2.8337813119155792,
  "loss_mean_last_50": 2.652911084723042,
  "training_time_seconds": 6.1048,
  "generated_samples": [
    "jaren",
    "jiiace",
    "balra",
    "sanaran",
    "aanai",
    "maina",
    "rariyn",
    "emele",
    "piman",
    "saise",
    "laiee",
    "kisni",
    "kente",
    "zakihu",
    "alalia",
    "ganxe",
    "ti",
    "jarti",
    "cirath",
    "tolti"
  ],
  "has_c_ext": true,
  "_meta": {
    "type": "training",
    "timestamp": "2026-02-16T01:13:50.311319+00:00",
    "timestamp_local": "20260216_011350",
    "machine": {
      "machine_id": "5b118459eb2b",
      "hostname": "runnervmjduv7",
      "platform": "Linux-6.14.0-1017-azure-x86_64-with-glibc2.39",
      "python": "3.12.3"
    },
    "git": {
      "commit": "ec458edd283e71293aea4c0eac82dc6a7a39b0ac",
      "commit_short": "ec458edd",
      "branch": "copilot/add-inference-script",
      "dirty": false
    }
  }
}