{
  "hyperparams": {
    "n_embd": 16,
    "n_layer": 1,
    "n_head": 4,
    "block_size": 8,
    "num_steps": 500,
    "learning_rate": 0.01
  },
  "num_params": 4064,
  "vocab_size": 27,
  "num_docs": 32033,
  "loss_history": [
    3.262669756552358,
    3.3002637725644015,
    3.2099495380733374,
    3.2991009211043805,
    3.2987689639816655,
    3.1658146302809707,
    3.18177708440778,
    3.2132886461389623,
    3.0232251246998714,
    3.2242309663990754,
    3.003617428074999,
    3.007852771001239,
    3.2446061232076566,
    3.296252218768437,
    3.0253891302003297,
    2.7848370583504685,
    2.87426287946575,
    2.8132059781302337,
    2.722131896502895,
    2.4210476701144605,
    3.35524114088477,
    2.570221029869313,
    2.6674370517566492,
    2.130626114681084,
    3.151252021441355,
    2.7268243669879944,
    3.4720215746160488,
    3.040404192336644,
    2.264569478858223,
    2.374036122182474,
    3.102904547083858,
    3.006201832236955,
    2.7889927599324094,
    2.091161026017157,
    3.212192198896128,
    2.751148764373648,
    2.4796487015579647,
    3.1469316660330486,
    2.5389335496416945,
    2.9381997425819826,
    2.4513596035989877,
    2.5783699977257006,
    2.914810486545821,
    2.558169487582528,
    2.2062326304604167,
    3.1859399466174128,
    2.5238630260603516,
    3.196962989326033,
    2.6445811658106484,
    2.3822763292059426,
    3.257032679435413,
    3.04176574073281,
    2.9443590074819976,
    2.2812822110890196,
    2.7159051133220387,
    2.0569993593925893,
    2.4133384758382372,
    2.2158376951676146,
    2.7958640646932484,
    3.3080524575675208,
    2.7878345165220506,
    2.6009745703422618,
    2.629644817640101,
    3.0765160189112533,
    2.985633022402693,
    2.978843025230161,
    2.947457452666352,
    2.8265553042014746,
    2.513132082811366,
    3.1321624487885207,
    3.0502598426912826,
    2.624516055052168,
    2.567296461130848,
    2.6100398915066743,
    2.300661606938083,
    2.8391020708315677,
    3.241211244982406,
    2.715609041942443,
    2.4544215484202345,
    2.4062490339152527,
    2.4319622989551486,
    3.3575875591348505,
    2.715268282822499,
    2.5813584821159052,
    2.3546504219736453,
    2.644427297742606,
    2.842310298170431,
    2.931137711731936,
    2.838468790111538,
    2.2633798382439823,
    2.5663125625642795,
    3.542440345372871,
    2.5540459224333376,
    3.1618070008470234,
    2.6364680900087527,
    2.4826913480578012,
    2.0137700546614785,
    2.8764044738235555,
    2.33244924934296,
    3.6054100982312045,
    2.375938425539191,
    2.191238503207185,
    2.826781085750393,
    2.6508486693707383,
    2.5131467297231724,
    2.3523748758613054,
    3.1971717064197884,
    2.0115913182404275,
    2.14379923715953,
    2.579673948212988,
    2.829875897917059,
    2.691814031753929,
    2.6484131766014998,
    2.399916609532729,
    2.1887314724660865,
    2.77981543795521,
    2.6561928745667336,
    2.1591244913765757,
    2.425670027396026,
    2.677979495414857,
    2.4441552337122157,
    2.2110830942726794,
    2.9350029016192543,
    2.57612728523049,
    3.1058371314251154,
    2.1807923508852185,
    2.5362159903451387,
    2.098849417659743,
    2.261300302763211,
    3.024076018255408,
    3.180320449852244,
    1.874294956222523,
    2.697623386838742,
    2.5843370499847045,
    3.0480633795762655,
    2.9203255663706265,
    2.169295915077943,
    2.3851093913089314,
    2.771953183470915,
    2.344428592228892,
    3.0443469198402475,
    2.4185322879290436,
    3.115707815924296,
    2.454826388559736,
    2.5488919280543105,
    2.4013346812240783,
    2.2730442766635646,
    2.485857095853133,
    2.176242129931788,
    2.7279218151364146,
    2.8873548508503855,
    2.408679800239606,
    2.9015797044045124,
    3.295923404629697,
    2.773895519905836,
    2.820448387794484,
    3.2932873377998204,
    1.8516055214139764,
    3.3136980122532753,
    2.0369512824209077,
    1.9894507135688784,
    2.5055415775088656,
    2.6972257428802795,
    2.684014998777994,
    2.4457382261863403,
    3.0005212824763388,
    2.1723282747371475,
    2.5101094871769707,
    3.25927601275992,
    2.567796363192723,
    2.479716232177597,
    2.346469731688053,
    2.1675228683907517,
    3.0380366533259724,
    2.921423509313828,
    2.354682348497497,
    3.259770344622812,
    2.352210344785081,
    1.999600851630678,
    2.3343538713811816,
    2.2645077677569825,
    2.060946107535347,
    1.83800609180628,
    3.2881764461909833,
    2.191832928943481,
    2.8883663723286452,
    2.494019496125893,
    2.3357481111914664,
    1.9097666746422113,
    2.930778324668279,
    1.8054059357193084,
    2.416580722784411,
    2.176796378270644,
    2.8126881172294653,
    2.7635823577993177,
    2.6236937886730898,
    2.2088338968682,
    3.0605850060392257,
    2.467639856431685,
    2.259916014741811,
    2.4126004759049158,
    2.526701777277632,
    2.0952725107128707,
    1.9940641222358513,
    2.842709439560579,
    2.950147833439529,
    2.9538069460057748,
    2.342252665129396,
    2.2279151456747073,
    2.499864293101775,
    2.0527273504514603,
    2.445929467584555,
    4.113250931580657,
    2.0607539760844746,
    2.5084783084922986,
    2.654836946301975,
    2.4265212280606687,
    2.5753053708044784,
    2.2504215410621353,
    2.403790564767905,
    3.11355459357412,
    2.415127548025817,
    2.258702425739591,
    2.2653909831657777,
    2.476007674384942,
    2.3599085014257,
    2.4675233388012567,
    2.548994939938197,
    2.947431576336926,
    1.994693654237755,
    2.852996565838898,
    2.431253025054018,
    2.357627792810831,
    3.1088337066330234,
    2.267378263570143,
    2.7279918689234512,
    2.2991276940480594,
    2.5833418935186363,
    2.2113936741344418,
    3.869775791474509,
    3.3756077632860095,
    2.5886293219779795,
    2.394843185618818,
    2.3593048567077344,
    2.0913184826804185,
    2.5268286014426606,
    2.4022556720504924,
    2.4964394478497742,
    1.9843600396426877,
    2.35549347913505,
    1.832753973902278,
    2.301500208967803,
    2.667664854340608,
    2.0877562227977364,
    2.328288792488656,
    3.394254561849065,
    2.429762219748685,
    2.0373323174714018,
    1.9987209163725113,
    1.9027539352573257,
    2.6001243910084737,
    2.13001381448707,
    2.9124087208590375,
    3.1229020291992757,
    1.8178141603172107,
    2.638752780206307,
    1.9881201846016014,
    2.0996319092595086,
    2.0829064899078262,
    2.6434856456657507,
    2.2507875259993035,
    1.8906994083435933,
    2.5202593732784577,
    3.0554197564298127,
    2.115432259077042,
    2.5115001550825187,
    3.0101786715659866,
    2.0988952641444003,
    2.226733934791754,
    2.0100090437108666,
    3.074410630159312,
    1.9591721612025061,
    2.310182151979992,
    2.9254416229606774,
    3.2897517986996996,
    2.090380071277511,
    2.49159250769382,
    2.5988454471884053,
    2.359275270370879,
    2.2278073127562816,
    3.560361936335808,
    2.270266126828373,
    2.00053937631086,
    2.473434825649621,
    2.971133209131445,
    2.136800346470621,
    2.3366382355274737,
    2.5831170832975334,
    2.247026737854954,
    2.334741517055469,
    2.512721818833539,
    2.2974553205717996,
    2.7533177013304746,
    2.3857422761259017,
    2.819332942415361,
    2.526744374270776,
    1.716737421625089,
    2.646498030154305,
    2.030984874497564,
    2.3855627781886755,
    2.923007624467459,
    1.9773057875837894,
    1.9132550283042953,
    2.4400881489545703,
    3.053240556462345,
    2.0705591282009865,
    1.943468382902451,
    1.8843697085022253,
    2.0878456123865488,
    1.8774231194754367,
    2.576704920064427,
    2.348330323390872,
    2.843645394758343,
    3.1205221965407377,
    2.6596331885618145,
    2.12557768878574,
    2.302310285969251,
    1.9138218575473767,
    2.073674775318178,
    2.502479529295514,
