{
  "hyperparams": {
    "n_embd": 16,
    "n_layer": 1,
    "n_head": 4,
    "block_size": 8,
    "num_steps": 100,
    "learning_rate": 0.01,
    "val_split": 0.1,
    "val_every": 10,
    "early_stop_patience": 3
  },
  "num_params": 4064,
  "vocab_size": 27,
  "num_docs": 32033,
  "num_train_docs": 28830,
  "num_val_docs": 3203,
  "loss_history": [
    3.288953194090887,
    3.272993209444529,
    3.277685215135376,
    3.214589374812307,
    3.3093534410248613,
    3.040549245958759,
    3.3008492354885464,
    3.252125604642051,
    3.0839149475764533,
    3.235805758639788,
    3.1952779197190315,
    3.0583219587246973,
    3.11337467029513,
    3.3472074991140865,
    2.751059257434264,
    3.0381086049633477,
    2.902213266659638,
    3.0264173897936506,
    2.5351435434602503,
    2.952745122800202,
    2.784192499305801,
    2.9629436174953803,
    2.8024409482253754,
    2.726745847323362,
    2.7511301314623546,
    2.6150293680548904,
    2.2521981751545694,
    2.2556092141777717,
    3.0450083377362707,
    2.2862932700404843,
    3.563731165815675,
    2.607247482767764,
    2.429437213804231,
    2.613692598193165,
    2.3873754788590733,
    2.1447958408191257,
    2.4670236811300916,
    2.557855757515708,
    2.375053510236977,
    2.775126930591464,
    2.578243540391715,
    2.6944508120890274,
    2.6693544600253447,
    2.390799136801859,
    2.5402225276565384,
    3.5703115817239155,
    2.6275198643098077,
    2.820511044846521,
    2.606570425220872,
    3.2222502302735294,
    3.1783807482825273,
    2.7062058831040763,
    2.4183190303009385,
    2.513753200835294,
    2.762631169710743,
    2.710574014076573,
    2.694955948380485,
    2.0816485462078864,
    2.3746752523443546,
    2.943789358299309,
    2.5757664038921675,
    2.7170516079853027,
    2.7481970585693425,
    2.319394249680652,
    2.3746803893637347,
    2.656772844445648,
    3.2495477438435962,
    3.299244810583773,
    3.1516695277442266,
    3.0509085684493935,
    3.001718498062488,
    2.4339547403264263,
    2.656042218688492,
    2.2139643823073225,
    2.221586865031447,
    2.3457914848806083,
    2.930155117784239,
    2.191666851447609,
    2.4928987419926907,
    2.5332971051092854,
    2.094952785868824,
    2.521426086263354,
    3.58723313968565,
    2.8238664130995126,
    2.173552327968989,
    2.250642380322716,
    2.180349463771237,
    2.36733502510032,
    3.0011006321475113,
    2.2525212192409922,
    3.0804573366617585,
    2.302692490747232,
    1.983751433119915,
    2.4820518197723587,
    2.496509664142844,
    2.343710441484414,
    2.0631425724337515,
    2.21861789308986,
    2.5851888161346923,
    2.7192120384071514
  ],
  "val_loss_history": [
    3.1459452101047147,
    2.88653733764081,
    2.9117544967841766,
    2.7144662194244855,
    2.699550819035786,
    2.6614583340886906,
    2.6218997192082925,
    2.605613122041049,
    2.6049099267667004,
    2.5992853235746556
  ],
  "loss_final": 2.7192120384071514,
  "loss_mean_last_50": 2.581551126823874,
  "training_time_seconds": 74.2572,
  "generated_samples": [
    "ieera",
    "ann",
    "ete",
    "udeti",
    "eleon",
    "wadea",
    "anle",
    "aalio",
    "anel",
    "oan",
    "ante",
    "anale",
    "savee",
    "alana",
    "a",
    "lateoyn",
    "anne",
    "anini",
    "itvni",
    "saoln"
  ],
  "has_c_ext": true,
  "_meta": {
    "type": "training",
    "timestamp": "2026-02-16T01:19:45.589337+00:00",
    "timestamp_local": "20260216_011945",
    "machine": {
      "machine_id": "5b118459eb2b",
      "hostname": "runnervmjduv7",
      "platform": "Linux-6.14.0-1017-azure-x86_64-with-glibc2.39",
      "python": "3.12.3"
    },
    "git": {
      "commit": "905baf749c99132a276dc67ebe26631780a06bb8",
      "commit_short": "905baf74",
      "branch": "copilot/add-train-validation-split",
      "dirty": true
    }
  }
}