{
  "hyperparams": {
    "n_embd": 16,
    "n_layer": 1,
    "n_head": 4,
    "block_size": 8,
    "num_steps": 100,
    "learning_rate": 0.01,
    "val_split": 0.1,
    "val_every": 5,
    "early_stop_patience": 3
  },
  "num_params": 4064,
  "vocab_size": 27,
  "num_docs": 32033,
  "num_train_docs": 28830,
  "num_val_docs": 3203,
  "loss_history": [
    3.2768451668482697,
    3.317183527349444,
    3.2908440598694852,
    3.297092056583323,
    3.3338113851679636,
    3.1758053176153873,
    3.273662763179931,
    3.254633066362974,
    3.083519560436461,
    3.1267929107505714,
    2.9599575520781314,
    3.037246213379048,
    2.8844146749493182,
    2.894830713943,
    2.9778623133252595,
    2.827657787738613,
    3.057047693111757,
    2.741753699847023,
    3.542260540830077,
    2.516259632335011,
    3.0794610717622155,
    2.935505857596199,
    3.2482752918240587,
    2.622832668748596,
    2.7223737011582645,
    2.794622609978131,
    2.8825945290521955,
    2.9643538186670195,
    3.1679683012270474,
    2.7879034369228606,
    3.2822549301145445,
    2.375229356557923,
    2.3806127938823742,
    2.959201947494838,
    2.222384532328453,
    3.0676374014430903,
    2.5769991194432644,
    2.755712386868081,
    2.739773612636117,
    3.0367131171837976,
    2.591089358187289,
    2.8001173249845173,
    2.8529219154378214,
    3.465101157063046,
    2.1962292230174185,
    2.5707575780476546,
    2.682879494802741,
    3.1261420493622274,
    2.6401735979145435,
    2.483615843525307,
    3.4114223442307723,
    2.770835969404206,
    2.39280882980306,
    2.784019661145707,
    2.1379088918188773,
    2.889834688067843,
    3.0197094553989667,
    2.4644437467135725,
    2.642282141659679,
    2.3645047734053373,
    2.5488096459627974,
    2.6675586755987695,
    2.1888420266077486,
    3.4387422918429635,
    2.465314124160438,
    2.3235760781462207,
    2.568517148388512,
    2.3125698182115575,
    2.4313322007463243,
    2.5888644811375285,
    2.280450366752229,
    2.451418509514647,
    2.501109881470227,
    2.4694310153712884,
    2.172639503028295,
    3.374355204103972,
    2.907383696180539,
    2.57904928429861,
    2.686646328867607,
    2.6428445553666404,
    3.4213586603612605,
    2.1711506906457005,
    2.5627754711764865,
    2.35291322274324,
    2.394606813815443,
    2.384939784815351,
    2.423187830763371,
    2.893497452699132,
    2.4518354383835232,
    2.163874198861124,
    2.4143593483270656,
    2.3755395123586522,
    2.224520831652319,
    2.140459015545363,
    2.5938763106893687,
    2.8783512922925243,
    2.776635867161968,
    3.0601948771068948,
    2.7213602404515336,
    2.237741378941077
  ],
  "val_loss_history": [
    3.234247090817473,
    3.076274339297417,
    2.898596789169519,
    2.7847049821204326,
    2.7561842883329466,
    2.7638183542947803,
    2.746971212325229,
    2.7307156548225833,
    2.7019769391799473,
    2.689457965765851,
    2.6766477511645457,
    2.667487275627678,
    2.6598122211430812,
    2.6476873007955595,
    2.6401687097989517,
    2.635656072399934,
    2.629041883428653,
    2.6200706467500745,
    2.6150200156914503,
    2.613500793913465
  ],
  "loss_final": 2.237741378941077,
  "loss_mean_last_50": 2.582408071523927,
  "training_time_seconds": 153.7394,
  "generated_samples": [
    "paaman",
    "kaiine",
    "kobaon",
    "kelira",
    "kerane",
    "latara",
    "karia",
    "koayin",
    "kansai",
    "cayiel",
    "kaihoi",
    "kianan",
    "bojin",
    "canoik",
    "kactan",
    "kaclac",
    "jaaten",
    "kair",
    "lali",
    "caini"
  ],
  "has_c_ext": false,
  "_meta": {
    "type": "training",
    "timestamp": "2026-02-16T01:09:28.360462+00:00",
    "timestamp_local": "20260216_010928",
    "machine": {
      "machine_id": "5b118459eb2b",
      "hostname": "runnervmjduv7",
      "platform": "Linux-6.14.0-1017-azure-x86_64-with-glibc2.39",
      "python": "3.12.3"
    },
    "git": {
      "commit": "85ad66bf5b46ae871750e96486b1d0cc9e8b10c5",
      "commit_short": "85ad66bf",
      "branch": "copilot/add-train-validation-split",
      "dirty": true
    }
  }
}